"fips","state","code","sector","employment","prop_employment","perc_employment"
1000,"Alabama",100,"Forestry, fishing, and related activities",15895,0.00599970482735609,"0.6%"
1000,"Alabama",200,"Mining, quarrying, and oil and gas extraction",10560,0.00398596306869332,"0.4%"
1000,"Alabama",300,"Utilities",14176,0.00535085345282164,"0.54%"
1000,"Alabama",400,"Construction",148326,0.0559869278529361,"5.6%"
1000,"Alabama",500,"Manufacturing",277818,0.104864799982788,"10.49%"
1000,"Alabama",600,"Wholesale trade",80467,0.0303729630917183,"3.04%"
1000,"Alabama",700,"Retail trade",283951,0.107179753723346,"10.72%"
1000,"Alabama",800,"Transportation and warehousing",92524,0.0349239817204338,"3.49%"
1000,"Alabama",900,"Information",28091,0.0106031902047977,"1.06%"
1000,"Alabama",1000,"Finance and insurance",113388,0.0427992784500945,"4.28%"
1000,"Alabama",1100,"Real estate and rental and leasing",110086,0.04155291007388,"4.16%"
1000,"Alabama",1200,"Professional, scientific, and technical services",154593,0.0583524610491009,"5.84%"
1000,"Alabama",1300,"Management of companies and enterprises",18464,0.00696939603223044,"0.7%"
1000,"Alabama",1400,"Administrative and support and waste management and remediation services",186008,0.0702103237198396,"7.02%"
1000,"Alabama",1500,"Educational services",42602,0.0160804922966357,"1.61%"
1000,"Alabama",1600,"Health care and social assistance",253353,0.0956302747483578,"9.56%"
1000,"Alabama",1700,"Arts, entertainment, and recreation",41751,0.0157592750076718,"1.58%"
1000,"Alabama",1800,"Accommodation and food services",201350,0.0760012939281628,"7.6%"
1000,"Alabama",1900,"Other services (except government and government enterprises)",171427,0.0647065995243266,"6.47%"
1000,"Alabama",2000,"Government and government enterprises",404467,0.152669557244809,"15.27%"
2000,"Alaska",100,"Forestry, fishing, and related activities",10058,0.0219799431379876,"2.2%"
2000,"Alaska",200,"Mining, quarrying, and oil and gas extraction",16586,0.0362457085789086,"3.62%"
2000,"Alaska",300,"Utilities",2312,0.00505245859365951,"0.51%"
2000,"Alaska",400,"Construction",23613,0.0516019484308314,"5.16%"
2000,"Alaska",500,"Manufacturing",15628,0.0341521725353421,"3.42%"
2000,"Alaska",600,"Wholesale trade",7198,0.015729929479741,"1.57%"
2000,"Alaska",700,"Retail trade",45302,0.0989993422188423,"9.9%"
2000,"Alaska",800,"Transportation and warehousing",26952,0.0588987301108613,"5.89%"
2000,"Alaska",900,"Information",6828,0.0149213612791986,"1.49%"
2000,"Alaska",1000,"Finance and insurance",11342,0.0247858933258158,"2.48%"
2000,"Alaska",1100,"Real estate and rental and leasing",17770,0.0388331268206443,"3.88%"
2000,"Alaska",1200,"Professional, scientific, and technical services",23287,0.0508895342865697,"5.09%"
2000,"Alaska",1300,"Management of companies and enterprises",3486,0.00761802364078593,"0.76%"
2000,"Alaska",1400,"Administrative and support and waste management and remediation services",16994,0.0371373189189662,"3.71%"
2000,"Alaska",1500,"Educational services",6132,0.0134003789343945,"1.34%"
2000,"Alaska",1600,"Health care and social assistance",53035,0.115898417610178,"11.59%"
2000,"Alaska",1700,"Arts, entertainment, and recreation",11242,0.0245673613797233,"2.46%"
2000,"Alaska",1800,"Accommodation and food services",36131,0.0789577774426955,"7.9%"
2000,"Alaska",1900,"Other services (except government and government enterprises)",20836,0.0455333162878415,"4.55%"
2000,"Alaska",2000,"Government and government enterprises",102867,0.224797256987013,"22.48%"
4000,"Arizona",100,"Forestry, fishing, and related activities",16224,0.00423823897826675,"0.42%"
4000,"Arizona",200,"Mining, quarrying, and oil and gas extraction",22490,0.00587512294262939,"0.59%"
4000,"Arizona",300,"Utilities",12754,0.00333176158338351,"0.33%"
4000,"Arizona",400,"Construction",217751,0.0568836770066915,"5.69%"
4000,"Arizona",500,"Manufacturing",185529,0.0484662376355308,"4.85%"
4000,"Arizona",600,"Wholesale trade",107855,0.0281752505547929,"2.82%"
4000,"Arizona",700,"Retail trade",397476,0.103833720175392,"10.38%"
4000,"Arizona",800,"Transportation and warehousing",180510,0.0471551108214331,"4.72%"
4000,"Arizona",900,"Information",60266,0.0157434486109605,"1.57%"
4000,"Arizona",1000,"Finance and insurance",250251,0.0653737390625143,"6.54%"
4000,"Arizona",1100,"Real estate and rental and leasing",222657,0.0581652845281028,"5.82%"
4000,"Arizona",1200,"Professional, scientific, and technical services",249512,0.0651806881129988,"6.52%"
4000,"Arizona",1300,"Management of companies and enterprises",37047,0.00967788704560208,"0.97%"
4000,"Arizona",1400,"Administrative and support and waste management and remediation services",313964,0.0820176567167493,"8.2%"
4000,"Arizona",1500,"Educational services",80180,0.0209456361734115,"2.09%"
4000,"Arizona",1600,"Health care and social assistance",431457,0.112710667828281,"11.27%"
4000,"Arizona",1700,"Arts, entertainment, and recreation",86860,0.0226906704667314,"2.27%"
4000,"Arizona",1800,"Accommodation and food services",304499,0.0795450894134151,"7.95%"
4000,"Arizona",1900,"Other services (except government and government enterprises)",198364,0.0518191590658842,"5.18%"
4000,"Arizona",2000,"Government and government enterprises",452359,0.118170953277229,"11.82%"
5000,"Arkansas",100,"Forestry, fishing, and related activities",14747,0.00915632309085976,"0.92%"
5000,"Arkansas",200,"Mining, quarrying, and oil and gas extraction",13034,0.0080927317533238,"0.81%"
5000,"Arkansas",300,"Utilities",8065,0.00500750971233362,"0.5%"
5000,"Arkansas",400,"Construction",90902,0.056440501905834,"5.64%"
5000,"Arkansas",500,"Manufacturing",167076,0.103736477705871,"10.37%"
5000,"Arkansas",600,"Wholesale trade",50605,0.0314203383747853,"3.14%"
5000,"Arkansas",700,"Retail trade",171749,0.106637915137457,"10.66%"
5000,"Arkansas",800,"Transportation and warehousing",78413,0.0486861573556375,"4.87%"
5000,"Arkansas",900,"Information",14607,0.00906939793776283,"0.91%"
5000,"Arkansas",1000,"Finance and insurance",61972,0.0384780399123049,"3.85%"
5000,"Arkansas",1100,"Real estate and rental and leasing",61662,0.0382855627875903,"3.83%"
5000,"Arkansas",1200,"Professional, scientific, and technical services",68848,0.0427473067172654,"4.27%"
5000,"Arkansas",1300,"Management of companies and enterprises",36448,0.022630342714834,"2.26%"
5000,"Arkansas",1400,"Administrative and support and waste management and remediation services",95987,0.0595977476451045,"5.96%"
5000,"Arkansas",1500,"Educational services",23358,0.0145028409002714,"1.45%"
5000,"Arkansas",1600,"Health care and social assistance",195918,0.121644301031739,"12.16%"
5000,"Arkansas",1700,"Arts, entertainment, and recreation",22769,0.0141371343633136,"1.41%"
5000,"Arkansas",1800,"Accommodation and food services",116486,0.0723254527403465,"7.23%"
5000,"Arkansas",1900,"Other services (except government and government enterprises)",91264,0.0566652655159846,"5.67%"
5000,"Arkansas",2000,"Government and government enterprises",226671,0.140738652697381,"14.07%"
6000,"California",100,"Forestry, fishing, and related activities",258427,0.0107760106197665,"1.08%"
6000,"California",200,"Mining, quarrying, and oil and gas extraction",48883,0.00203834633039908,"0.2%"
6000,"California",300,"Utilities",59976,0.0025009074629629,"0.25%"
6000,"California",400,"Construction",1205915,0.0502848109777061,"5.03%"
6000,"California",500,"Manufacturing",1434262,0.0598065316067109,"5.98%"
6000,"California",600,"Wholesale trade",797873,0.0332700837034246,"3.33%"
6000,"California",700,"Retail trade",2090818,0.0871839125633113,"8.72%"
6000,"California",800,"Transportation and warehousing",1262299,0.0526359375348573,"5.26%"
6000,"California",900,"Information",626200,0.026111582187998,"2.61%"
6000,"California",1000,"Finance and insurance",1068051,0.0445360930493028,"4.45%"
6000,"California",1100,"Real estate and rental and leasing",1222367,0.0509708342133448,"5.1%"
6000,"California",1200,"Professional, scientific, and technical services",2066023,0.0861499989888121,"8.61%"
6000,"California",1300,"Management of companies and enterprises",281523,0.0117390784929923,"1.17%"
6000,"California",1400,"Administrative and support and waste management and remediation services",1540370,0.0642310729078991,"6.42%"
6000,"California",1500,"Educational services",544368,0.0226993129551518,"2.27%"
6000,"California",1600,"Health care and social assistance",2720560,0.113443190733599,"11.34%"
6000,"California",1700,"Arts, entertainment, and recreation",679974,0.0283538757373071,"2.84%"
6000,"California",1800,"Accommodation and food services",1838127,0.0766470843699747,"7.66%"
6000,"California",1900,"Other services (except government and government enterprises)",1431417,0.059687899458316,"5.97%"
6000,"California",2000,"Government and government enterprises",2804262,0.116933436106163,"11.69%"
8000,"Colorado",100,"Forestry, fishing, and related activities",14266,0.00373862831703023,"0.37%"
8000,"Colorado",200,"Mining, quarrying, and oil and gas extraction",57758,0.0151363868172601,"1.51%"
8000,"Colorado",300,"Utilities",8795,0.0023048672401711,"0.23%"
8000,"Colorado",400,"Construction",262525,0.0687987802417189,"6.88%"
8000,"Colorado",500,"Manufacturing",167168,0.0438089876981151,"4.38%"
8000,"Colorado",600,"Wholesale trade",116552,0.030544273630065,"3.05%"
8000,"Colorado",700,"Retail trade",342742,0.0898208991052555,"8.98%"
8000,"Colorado",800,"Transportation and warehousing",155931,0.040864156182731,"4.09%"
8000,"Colorado",900,"Information",89905,0.0235610107137672,"2.36%"
8000,"Colorado",1000,"Finance and insurance",218096,0.0571554662435879,"5.72%"
8000,"Colorado",1100,"Real estate and rental and leasing",227735,0.0596815168778129,"5.97%"
8000,"Colorado",1200,"Professional, scientific, and technical services",351522,0.0921218353609351,"9.21%"
8000,"Colorado",1300,"Management of companies and enterprises",47882,0.0125482266280696,"1.25%"
8000,"Colorado",1400,"Administrative and support and waste management and remediation services",213071,0.0558385864389421,"5.58%"
8000,"Colorado",1500,"Educational services",77669,0.0203543756312506,"2.04%"
8000,"Colorado",1600,"Health care and social assistance",348888,0.0914315544842313,"9.14%"
8000,"Colorado",1700,"Arts, entertainment, and recreation",110504,0.0289593006831003,"2.9%"
8000,"Colorado",1800,"Accommodation and food services",305673,0.0801063881642774,"8.01%"
8000,"Colorado",1900,"Other services (except government and government enterprises)",199094,0.0521756950897811,"5.22%"
8000,"Colorado",2000,"Government and government enterprises",500062,0.131049064451898,"13.1%"
9000,"Connecticut",100,"Forestry, fishing, and related activities",2371,0.00102293382252379,"0.1%"
9000,"Connecticut",200,"Mining, quarrying, and oil and gas extraction",2722,0.00117436772033309,"0.12%"
9000,"Connecticut",300,"Utilities",5717,0.00246651736118452,"0.25%"
9000,"Connecticut",400,"Construction",115467,0.049816575151984,"4.98%"
9000,"Connecticut",500,"Manufacturing",170445,0.073536041914832,"7.35%"
9000,"Connecticut",600,"Wholesale trade",68667,0.0296253887774107,"2.96%"
9000,"Connecticut",700,"Retail trade",218725,0.0943657529867208,"9.44%"
9000,"Connecticut",800,"Transportation and warehousing",81108,0.0349928791553181,"3.5%"
9000,"Connecticut",900,"Information",39458,0.0170235861531605,"1.7%"
9000,"Connecticut",1000,"Finance and insurance",191822,0.0827588408705853,"8.28%"
9000,"Connecticut",1100,"Real estate and rental and leasing",123339,0.0532128362447327,"5.32%"
9000,"Connecticut",1200,"Professional, scientific, and technical services",164474,0.0709599399096488,"7.1%"
9000,"Connecticut",1300,"Management of companies and enterprises",37754,0.016288419880035,"1.63%"
9000,"Connecticut",1400,"Administrative and support and waste management and remediation services",123997,0.0534967208736744,"5.35%"
9000,"Connecticut",1500,"Educational services",88055,0.0379900623122446,"3.8%"
9000,"Connecticut",1600,"Health care and social assistance",308223,0.132978376878848,"13.3%"
9000,"Connecticut",1700,"Arts, entertainment, and recreation",57403,0.0247656981081117,"2.48%"
9000,"Connecticut",1800,"Accommodation and food services",144773,0.0624602270300447,"6.25%"
9000,"Connecticut",1900,"Other services (except government and government enterprises)",120732,0.0520880836191235,"5.21%"
9000,"Connecticut",2000,"Government and government enterprises",252591,0.108976751229484,"10.9%"
10000,"Delaware",300,"Utilities",2210,0.00374240723148228,"0.37%"
10000,"Delaware",400,"Construction",32383,0.054837273021308,"5.48%"
10000,"Delaware",500,"Manufacturing",28714,0.0486241996582725,"4.86%"
10000,"Delaware",600,"Wholesale trade",12147,0.020569692597654,"2.06%"
10000,"Delaware",700,"Retail trade",62791,0.106330087091404,"10.63%"
10000,"Delaware",800,"Transportation and warehousing",22712,0.0384604312404641,"3.85%"
10000,"Delaware",900,"Information",5899,0.00998934853326424,"1%"
10000,"Delaware",1000,"Finance and insurance",60177,0.101903547497244,"10.19%"
10000,"Delaware",1100,"Real estate and rental and leasing",29988,0.0507815873564211,"5.08%"
10000,"Delaware",1200,"Professional, scientific, and technical services",38866,0.0658155653659685,"6.58%"
10000,"Delaware",1300,"Management of companies and enterprises",9726,0.0164699786123967,"1.65%"
10000,"Delaware",1400,"Administrative and support and waste management and remediation services",36044,0.061036799208845,"6.1%"
10000,"Delaware",1500,"Educational services",9896,0.0167578560917415,"1.68%"
10000,"Delaware",1600,"Health care and social assistance",77376,0.13102828142225,"13.1%"
10000,"Delaware",1700,"Arts, entertainment, and recreation",15013,0.0254229682200197,"2.54%"
10000,"Delaware",1800,"Accommodation and food services",45614,0.0772426078990193,"7.72%"
10000,"Delaware",1900,"Other services (except government and government enterprises)",27198,0.0460570099012919,"4.61%"
10000,"Delaware",2000,"Government and government enterprises",73775,0.124930359050953,"12.49%"
12000,"Florida",100,"Forestry, fishing, and related activities",62480,0.00504498580249914,"0.5%"
12000,"Florida",200,"Mining, quarrying, and oil and gas extraction",23036,0.00186005590503153,"0.19%"
12000,"Florida",300,"Utilities",25656,0.00207160940699293,"0.21%"
12000,"Florida",400,"Construction",758145,0.0612168815818776,"6.12%"
12000,"Florida",500,"Manufacturing",419793,0.033896442461404,"3.39%"
12000,"Florida",600,"Wholesale trade",386091,0.0311751538647999,"3.12%"
12000,"Florida",700,"Retail trade",1331337,0.107499620091898,"10.75%"
12000,"Florida",800,"Transportation and warehousing",605849,0.0489196479426745,"4.89%"
12000,"Florida",900,"Information",184421,0.0148911864065732,"1.49%"
12000,"Florida",1000,"Finance and insurance",727122,0.0587119104783096,"5.87%"
12000,"Florida",1100,"Real estate and rental and leasing",797872,0.0644246624873815,"6.44%"
12000,"Florida",1200,"Professional, scientific, and technical services",884191,0.071394542920895,"7.14%"
12000,"Florida",1300,"Management of companies and enterprises",140594,0.0113523484941832,"1.14%"
12000,"Florida",1400,"Administrative and support and waste management and remediation services",1001945,0.080902661649888,"8.09%"
12000,"Florida",1500,"Educational services",234348,0.0189225725487207,"1.89%"
12000,"Florida",1600,"Health care and social assistance",1347765,0.108826108996563,"10.88%"
12000,"Florida",1700,"Arts, entertainment, and recreation",369033,0.0297977952249306,"2.98%"
12000,"Florida",1800,"Accommodation and food services",1076302,0.0869066630794083,"8.69%"
12000,"Florida",1900,"Other services (except government and government enterprises)",810844,0.0654720945589247,"6.55%"
12000,"Florida",2000,"Government and government enterprises",1197750,0.0967130560970446,"9.67%"
13000,"Georgia",100,"Forestry, fishing, and related activities",25931,0.00416698270021636,"0.42%"
13000,"Georgia",200,"Mining, quarrying, and oil and gas extraction",9758,0.00156806205656208,"0.16%"
13000,"Georgia",300,"Utilities",20235,0.00325166383629162,"0.33%"
13000,"Georgia",400,"Construction",339089,0.0544899154229943,"5.45%"
13000,"Georgia",500,"Manufacturing",433629,0.0696820231118013,"6.97%"
13000,"Georgia",600,"Wholesale trade",237132,0.0381059327317769,"3.81%"
13000,"Georgia",700,"Retail trade",606737,0.0974996175458399,"9.75%"
13000,"Georgia",800,"Transportation and warehousing",353473,0.0568013526664447,"5.68%"
13000,"Georgia",900,"Information",138562,0.0222662240911411,"2.23%"
13000,"Georgia",1000,"Finance and insurance",294145,0.0472676382073634,"4.73%"
13000,"Georgia",1100,"Real estate and rental and leasing",279046,0.0448413040208466,"4.48%"
13000,"Georgia",1200,"Professional, scientific, and technical services",427139,0.068639112397814,"6.86%"
13000,"Georgia",1300,"Management of companies and enterprises",81247,0.0130559887179237,"1.31%"
13000,"Georgia",1400,"Administrative and support and waste management and remediation services",504556,0.0810796391689625,"8.11%"
13000,"Georgia",1500,"Educational services",128227,0.0206054410049995,"2.06%"
13000,"Georgia",1600,"Health care and social assistance",577451,0.0927935030358504,"9.28%"
13000,"Georgia",1700,"Arts, entertainment, and recreation",124110,0.0199438595859725,"1.99%"
13000,"Georgia",1800,"Accommodation and food services",480540,0.0772203874421337,"7.72%"
13000,"Georgia",1900,"Other services (except government and government enterprises)",381986,0.0613832499219022,"6.14%"
13000,"Georgia",2000,"Government and government enterprises",779975,0.125338102333163,"12.53%"
15000,"Hawaii",100,"Forestry, fishing, and related activities",3978,0.00433027666745043,"0.43%"
15000,"Hawaii",200,"Mining, quarrying, and oil and gas extraction",761,0.000828391288066811,"0.08%"
15000,"Hawaii",300,"Utilities",4166,0.00453492523795839,"0.45%"
15000,"Hawaii",400,"Construction",48714,0.053027927998537,"5.3%"
15000,"Hawaii",500,"Manufacturing",18903,0.0205769783420853,"2.06%"
15000,"Hawaii",600,"Wholesale trade",21248,0.0231296426923043,"2.31%"
15000,"Hawaii",700,"Retail trade",91256,0.0993372869695466,"9.93%"
15000,"Hawaii",800,"Transportation and warehousing",43632,0.0474958852574653,"4.75%"
15000,"Hawaii",900,"Information",11174,0.0121635272705106,"1.22%"
15000,"Hawaii",1000,"Finance and insurance",29807,0.0324465954315472,"3.24%"
15000,"Hawaii",1100,"Real estate and rental and leasing",45211,0.049214715538487,"4.92%"
15000,"Hawaii",1200,"Professional, scientific, and technical services",47023,0.0511871794201914,"5.12%"
15000,"Hawaii",1300,"Management of companies and enterprises",9633,0.0104860621260809,"1.05%"
15000,"Hawaii",1400,"Administrative and support and waste management and remediation services",64124,0.0698025794428334,"6.98%"
15000,"Hawaii",1500,"Educational services",20799,0.0226408809467827,"2.26%"
15000,"Hawaii",1600,"Health care and social assistance",83882,0.0913102733582395,"9.13%"
15000,"Hawaii",1700,"Arts, entertainment, and recreation",24436,0.0265999599411309,"2.66%"
15000,"Hawaii",1800,"Accommodation and food services",118038,0.128490999817123,"12.85%"
15000,"Hawaii",1900,"Other services (except government and government enterprises)",50165,0.0546074230826171,"5.46%"
15000,"Hawaii",2000,"Government and government enterprises",181698,0.197788489171043,"19.78%"
16000,"Idaho",100,"Forestry, fishing, and related activities",13679,0.0137137093984876,"1.37%"
16000,"Idaho",200,"Mining, quarrying, and oil and gas extraction",5020,0.00503273785952245,"0.5%"
16000,"Idaho",300,"Utilities",3237,0.00324521363571199,"0.32%"
16000,"Idaho",400,"Construction",72421,0.072604762654278,"7.26%"
16000,"Idaho",500,"Manufacturing",75384,0.0755752810363029,"7.56%"
16000,"Idaho",600,"Wholesale trade",31413,0.0314927080440595,"3.15%"
16000,"Idaho",700,"Retail trade",112693,0.112978949721746,"11.3%"
16000,"Idaho",800,"Transportation and warehousing",35854,0.0359449767361191,"3.59%"
16000,"Idaho",900,"Information",12152,0.0121828347547643,"1.22%"
16000,"Idaho",1000,"Finance and insurance",42645,0.0427532083703854,"4.28%"
16000,"Idaho",1100,"Real estate and rental and leasing",53670,0.0538061834503127,"5.38%"
16000,"Idaho",1200,"Professional, scientific, and technical services",62003,0.0621603277896356,"6.22%"
16000,"Idaho",1300,"Management of companies and enterprises",8092,0.00811253282056886,"0.81%"
16000,"Idaho",1400,"Administrative and support and waste management and remediation services",61620,0.061776355956927,"6.18%"
16000,"Idaho",1500,"Educational services",18736,0.018783541142632,"1.88%"
16000,"Idaho",1600,"Health care and social assistance",107284,0.107556224804981,"10.76%"
16000,"Idaho",1700,"Arts, entertainment, and recreation",23083,0.0231415713170033,"2.31%"
16000,"Idaho",1800,"Accommodation and food services",73376,0.0735621858924939,"7.36%"
16000,"Idaho",1900,"Other services (except government and government enterprises)",49687,0.0498130768976279,"4.98%"
16000,"Idaho",2000,"Government and government enterprises",135420,0.13576361771644,"13.58%"
17000,"Illinois",100,"Forestry, fishing, and related activities",13679,0.00173631958130314,"0.17%"
17000,"Illinois",200,"Mining, quarrying, and oil and gas extraction",22876,0.00290372444929386,"0.29%"
17000,"Illinois",300,"Utilities",25567,0.00324530175708586,"0.32%"
17000,"Illinois",400,"Construction",343299,0.0435760491221425,"4.36%"
17000,"Illinois",500,"Manufacturing",608272,0.0772099264828149,"7.72%"
17000,"Illinois",600,"Wholesale trade",320264,0.040652142290114,"4.07%"
17000,"Illinois",700,"Retail trade",710934,0.0902411452017083,"9.02%"
17000,"Illinois",800,"Transportation and warehousing",492507,0.0625155017200721,"6.25%"
17000,"Illinois",900,"Information",115084,0.0146079832366906,"1.46%"
17000,"Illinois",1000,"Finance and insurance",498235,0.0632425752314183,"6.32%"
17000,"Illinois",1100,"Real estate and rental and leasing",321644,0.0408273101402638,"4.08%"
17000,"Illinois",1200,"Professional, scientific, and technical services",586203,0.0744086371458912,"7.44%"
17000,"Illinois",1300,"Management of companies and enterprises",102565,0.013018906196093,"1.3%"
17000,"Illinois",1400,"Administrative and support and waste management and remediation services",549239,0.069716677426373,"6.97%"
17000,"Illinois",1500,"Educational services",215498,0.0273538560663546,"2.74%"
17000,"Illinois",1600,"Health care and social assistance",888849,0.112824469882427,"11.28%"
17000,"Illinois",1700,"Arts, entertainment, and recreation",175314,0.0222531713631537,"2.23%"
17000,"Illinois",1800,"Accommodation and food services",560504,0.0711465802031389,"7.11%"
17000,"Illinois",1900,"Other services (except government and government enterprises)",457656,0.0580917519044426,"5.81%"
17000,"Illinois",2000,"Government and government enterprises",869969,0.110427970599219,"11.04%"
18000,"Indiana",100,"Forestry, fishing, and related activities",10841,0.00277725901110519,"0.28%"
18000,"Indiana",200,"Mining, quarrying, and oil and gas extraction",11372,0.00291329116080512,"0.29%"
18000,"Indiana",300,"Utilities",14373,0.00368209056052163,"0.37%"
18000,"Indiana",400,"Construction",210513,0.0539294461954421,"5.39%"
18000,"Indiana",500,"Manufacturing",558603,0.143103515854662,"14.31%"
18000,"Indiana",600,"Wholesale trade",126838,0.0324934949221069,"3.25%"
18000,"Indiana",700,"Retail trade",392564,0.100567466694539,"10.06%"
18000,"Indiana",800,"Transportation and warehousing",200575,0.0513835186931486,"5.14%"
18000,"Indiana",900,"Information",38704,0.00991523224479434,"0.99%"
18000,"Indiana",1000,"Finance and insurance",153708,0.039377080350425,"3.94%"
18000,"Indiana",1100,"Real estate and rental and leasing",149086,0.038193011431568,"3.82%"
18000,"Indiana",1200,"Professional, scientific, and technical services",184446,0.0472515741686476,"4.73%"
18000,"Indiana",1300,"Management of companies and enterprises",38102,0.00976101123891985,"0.98%"
18000,"Indiana",1400,"Administrative and support and waste management and remediation services",240637,0.0616466448349156,"6.16%"
18000,"Indiana",1500,"Educational services",88477,0.0226661327853108,"2.27%"
18000,"Indiana",1600,"Health care and social assistance",450661,0.115450818485719,"11.55%"
18000,"Indiana",1700,"Arts, entertainment, and recreation",76538,0.019607586956182,"1.96%"
18000,"Indiana",1800,"Accommodation and food services",284095,0.0727797619001872,"7.28%"
18000,"Indiana",1900,"Other services (except government and government enterprises)",226133,0.0579309945538466,"5.79%"
18000,"Indiana",2000,"Government and government enterprises",447223,0.114570067957153,"11.46%"
19000,"Iowa",100,"Forestry, fishing, and related activities",17149,0.00857121722380328,"0.86%"
19000,"Iowa",200,"Mining, quarrying, and oil and gas extraction",4371,0.00218466327396607,"0.22%"
19000,"Iowa",300,"Utilities",6725,0.00336121265555292,"0.34%"
19000,"Iowa",400,"Construction",118139,0.0590468850430285,"5.9%"
19000,"Iowa",500,"Manufacturing",230349,0.115130405054864,"11.51%"
19000,"Iowa",600,"Wholesale trade",70573,0.0352729904446597,"3.53%"
19000,"Iowa",700,"Retail trade",221460,0.110687606646654,"11.07%"
19000,"Iowa",800,"Transportation and warehousing",87513,0.0437397476766398,"4.37%"
19000,"Iowa",900,"Information",27080,0.0135348161654086,"1.35%"
19000,"Iowa",1000,"Finance and insurance",134642,0.0672952259284694,"6.73%"
19000,"Iowa",1100,"Real estate and rental and leasing",74858,0.0374146701813206,"3.74%"
19000,"Iowa",1200,"Professional, scientific, and technical services",82840,0.0414041422135322,"4.14%"
19000,"Iowa",1300,"Management of companies and enterprises",21327,0.0106594174431193,"1.07%"
19000,"Iowa",1400,"Administrative and support and waste management and remediation services",88256,0.0441111054466139,"4.41%"
19000,"Iowa",1500,"Educational services",48215,0.0240982703624512,"2.41%"
19000,"Iowa",1600,"Health care and social assistance",219643,0.109779454468938,"10.98%"
19000,"Iowa",1700,"Arts, entertainment, and recreation",37625,0.0188052975710303,"1.88%"
19000,"Iowa",1800,"Accommodation and food services",133164,0.0665565088571077,"6.66%"
19000,"Iowa",1900,"Other services (except government and government enterprises)",105215,0.0525873590414871,"5.26%"
19000,"Iowa",2000,"Government and government enterprises",271622,0.135759004301353,"13.58%"
20000,"Kansas",100,"Forestry, fishing, and related activities",11574,0.00616457727585764,"0.62%"
20000,"Kansas",200,"Mining, quarrying, and oil and gas extraction",40066,0.0213400685272604,"2.13%"
20000,"Kansas",300,"Utilities",6622,0.00352702874725499,"0.35%"
20000,"Kansas",400,"Construction",94068,0.0501027695857419,"5.01%"
20000,"Kansas",500,"Manufacturing",172666,0.0919658631340276,"9.2%"
20000,"Kansas",600,"Wholesale trade",64250,0.0342210203882714,"3.42%"
20000,"Kansas",700,"Retail trade",185093,0.098584767731149,"9.86%"
20000,"Kansas",800,"Transportation and warehousing",80331,0.0427861290087196,"4.28%"
20000,"Kansas",900,"Information",23669,0.0126066510750194,"1.26%"
20000,"Kansas",1000,"Finance and insurance",101139,0.0538689460085507,"5.39%"
20000,"Kansas",1100,"Real estate and rental and leasing",72790,0.0387696198297631,"3.88%"
20000,"Kansas",1200,"Professional, scientific, and technical services",110326,0.0587621524569095,"5.88%"
20000,"Kansas",1300,"Management of companies and enterprises",28447,0.0151515232215589,"1.52%"
20000,"Kansas",1400,"Administrative and support and waste management and remediation services",102697,0.054698772464036,"5.47%"
20000,"Kansas",1500,"Educational services",28687,0.0152793527140598,"1.53%"
20000,"Kansas",1600,"Health care and social assistance",204522,0.108933097771985,"10.89%"
20000,"Kansas",1700,"Arts, entertainment, and recreation",34295,0.0182663018554983,"1.83%"
20000,"Kansas",1800,"Accommodation and food services",122331,0.0651562901963834,"6.52%"
20000,"Kansas",1900,"Other services (except government and government enterprises)",97540,0.0519520362439221,"5.2%"
20000,"Kansas",2000,"Government and government enterprises",296388,0.157863031764031,"15.79%"
21000,"Kentucky",100,"Forestry, fishing, and related activities",13611,0.00551730791369473,"0.55%"
21000,"Kentucky",200,"Mining, quarrying, and oil and gas extraction",18112,0.00734181771602666,"0.73%"
21000,"Kentucky",300,"Utilities",7187,0.00291329747819587,"0.29%"
21000,"Kentucky",400,"Construction",130350,0.0528382254463381,"5.28%"
21000,"Kentucky",500,"Manufacturing",260659,0.105659831274392,"10.57%"
21000,"Kentucky",600,"Wholesale trade",80641,0.0326883570250721,"3.27%"
21000,"Kentucky",700,"Retail trade",261072,0.105827243526861,"10.58%"
21000,"Kentucky",800,"Transportation and warehousing",140145,0.0568086927900042,"5.68%"
21000,"Kentucky",900,"Information",27811,0.011273370831516,"1.13%"
21000,"Kentucky",1000,"Finance and insurance",107471,0.0435640730874062,"4.36%"
21000,"Kentucky",1100,"Real estate and rental and leasing",92673,0.0375656069565669,"3.76%"
21000,"Kentucky",1200,"Professional, scientific, and technical services",117017,0.0474336066517387,"4.74%"
21000,"Kentucky",1300,"Management of companies and enterprises",24220,0.00981773548377682,"0.98%"
21000,"Kentucky",1400,"Administrative and support and waste management and remediation services",156354,0.0633791170037342,"6.34%"
21000,"Kentucky",1500,"Educational services",41546,0.0168409429566058,"1.68%"
21000,"Kentucky",1600,"Health care and social assistance",275379,0.111626679594838,"11.16%"
21000,"Kentucky",1700,"Arts, entertainment, and recreation",43118,0.0174781634430012,"1.75%"
21000,"Kentucky",1800,"Accommodation and food services",186486,0.0755933203727334,"7.56%"
21000,"Kentucky",1900,"Other services (except government and government enterprises)",132520,0.0537178491457516,"5.37%"
21000,"Kentucky",2000,"Government and government enterprises",350592,0.142114761301746,"14.21%"
22000,"Louisiana",100,"Forestry, fishing, and related activities",18502,0.00685024828540159,"0.69%"
22000,"Louisiana",200,"Mining, quarrying, and oil and gas extraction",62571,0.0231665163477388,"2.32%"
22000,"Louisiana",300,"Utilities",9087,0.00336440418168005,"0.34%"
22000,"Louisiana",400,"Construction",212255,0.0785860690637722,"7.86%"
22000,"Louisiana",500,"Manufacturing",146399,0.0542033022772947,"5.42%"
22000,"Louisiana",600,"Wholesale trade",75408,0.0279193342722713,"2.79%"
22000,"Louisiana",700,"Retail trade",275971,0.102176514407662,"10.22%"
22000,"Louisiana",800,"Transportation and warehousing",123547,0.0457424940501843,"4.57%"
22000,"Louisiana",900,"Information",29944,0.011086576297593,"1.11%"
22000,"Louisiana",1000,"Finance and insurance",107202,0.0396908613496714,"3.97%"
22000,"Louisiana",1100,"Real estate and rental and leasing",124685,0.0461638313406819,"4.62%"
22000,"Louisiana",1200,"Professional, scientific, and technical services",145676,0.0539356161076728,"5.39%"
22000,"Louisiana",1300,"Management of companies and enterprises",27805,0.0102946250986699,"1.03%"
22000,"Louisiana",1400,"Administrative and support and waste management and remediation services",160644,0.0594774232818102,"5.95%"
22000,"Louisiana",1500,"Educational services",56824,0.0210387260063593,"2.1%"
22000,"Louisiana",1600,"Health care and social assistance",317795,0.117661585442611,"11.77%"
22000,"Louisiana",1700,"Arts, entertainment, and recreation",55035,0.0203763600901025,"2.04%"
22000,"Louisiana",1800,"Accommodation and food services",229864,0.0851056897565426,"8.51%"
22000,"Louisiana",1900,"Other services (except government and government enterprises)",165747,0.0613667767030838,"6.14%"
22000,"Louisiana",2000,"Government and government enterprises",355963,0.131793045639196,"13.18%"
23000,"Maine",100,"Forestry, fishing, and related activities",14469,0.017267696435114,"1.73%"
23000,"Maine",200,"Mining, quarrying, and oil and gas extraction",1200,0.00143211249721036,"0.14%"
23000,"Maine",300,"Utilities",1794,0.00214100818332949,"0.21%"
23000,"Maine",400,"Construction",56448,0.0673665718687755,"6.74%"
23000,"Maine",500,"Manufacturing",57660,0.068813005490958,"6.88%"
23000,"Maine",600,"Wholesale trade",21723,0.0259248164807506,"2.59%"
23000,"Maine",700,"Retail trade",99670,0.118948877164131,"11.89%"
23000,"Maine",800,"Transportation and warehousing",25208,0.0300839098580657,"3.01%"
23000,"Maine",900,"Information",10009,0.0119450116538154,"1.19%"
23000,"Maine",1000,"Finance and insurance",33480,0.0399559386721692,"4%"
23000,"Maine",1100,"Real estate and rental and leasing",35786,0.0427079815209751,"4.27%"
23000,"Maine",1200,"Professional, scientific, and technical services",47428,0.0566018595980776,"5.66%"
23000,"Maine",1300,"Management of companies and enterprises",11847,0.0141385306287093,"1.41%"
23000,"Maine",1400,"Administrative and support and waste management and remediation services",43935,0.0524332188041145,"5.24%"
23000,"Maine",1500,"Educational services",22113,0.026390253042344,"2.64%"
23000,"Maine",1600,"Health care and social assistance",117616,0.140366119559912,"14.04%"
23000,"Maine",1700,"Arts, entertainment, and recreation",22205,0.0265000483337968,"2.65%"
23000,"Maine",1800,"Accommodation and food services",65835,0.0785692718782036,"7.86%"
23000,"Maine",1900,"Other services (except government and government enterprises)",41913,0.050020109246315,"5%"
23000,"Maine",2000,"Government and government enterprises",107584,0.128393659083233,"12.84%"
24000,"Maryland",100,"Forestry, fishing, and related activities",6712,0.00179266561524727,"0.18%"
24000,"Maryland",200,"Mining, quarrying, and oil and gas extraction",3889,0.00103868840549712,"0.1%"
24000,"Maryland",300,"Utilities",10628,0.00283856527992372,"0.28%"
24000,"Maryland",400,"Construction",238524,0.0637058660922587,"6.37%"
24000,"Maryland",500,"Manufacturing",120784,0.032259434396905,"3.23%"
24000,"Maryland",600,"Wholesale trade",94418,0.0252175062664507,"2.52%"
24000,"Maryland",700,"Retail trade",343025,0.0916163770366799,"9.16%"
24000,"Maryland",800,"Transportation and warehousing",181074,0.0483619090606801,"4.84%"
24000,"Maryland",900,"Information",50843,0.0135793352020288,"1.36%"
24000,"Maryland",1000,"Finance and insurance",165752,0.0442696530182458,"4.43%"
24000,"Maryland",1100,"Real estate and rental and leasing",191129,0.051047435395798,"5.1%"
24000,"Maryland",1200,"Professional, scientific, and technical services",365956,0.0977408727493193,"9.77%"
24000,"Maryland",1300,"Management of companies and enterprises",31255,0.00834770020926006,"0.83%"
24000,"Maryland",1400,"Administrative and support and waste management and remediation services",240393,0.0642050454776725,"6.42%"
24000,"Maryland",1500,"Educational services",109840,0.0293364706762158,"2.93%"
24000,"Maryland",1600,"Health care and social assistance",449042,0.119931786829837,"11.99%"
24000,"Maryland",1700,"Arts, entertainment, and recreation",95861,0.025602908007035,"2.56%"
24000,"Maryland",1800,"Accommodation and food services",257449,0.0687604246096238,"6.88%"
24000,"Maryland",1900,"Other services (except government and government enterprises)",216720,0.0578823736794382,"5.79%"
24000,"Maryland",2000,"Government and government enterprises",570851,0.152464981991883,"15.25%"
25000,"Massachusetts",100,"Forestry, fishing, and related activities",10231,0.00210406905278641,"0.21%"
25000,"Massachusetts",200,"Mining, quarrying, and oil and gas extraction",3219,0.000662007455861542,"0.07%"
25000,"Massachusetts",300,"Utilities",12363,0.00254252816925015,"0.25%"
25000,"Massachusetts",400,"Construction",259699,0.053408721428949,"5.34%"
25000,"Massachusetts",500,"Manufacturing",260513,0.0535761256131898,"5.36%"
25000,"Massachusetts",600,"Wholesale trade",137829,0.0283453947294006,"2.83%"
25000,"Massachusetts",700,"Retail trade",428369,0.0880967604411162,"8.81%"
25000,"Massachusetts",800,"Transportation and warehousing",199875,0.0411055421684765,"4.11%"
25000,"Massachusetts",900,"Information",107889,0.0221880467242765,"2.22%"
25000,"Massachusetts",1000,"Finance and insurance",283690,0.0583426204266421,"5.83%"
25000,"Massachusetts",1100,"Real estate and rental and leasing",214159,0.0440431359862852,"4.4%"
25000,"Massachusetts",1200,"Professional, scientific, and technical services",487312,0.100218756548866,"10.02%"
25000,"Massachusetts",1300,"Management of companies and enterprises",77347,0.0159068936590627,"1.59%"
25000,"Massachusetts",1400,"Administrative and support and waste management and remediation services",252126,0.0518512866780203,"5.19%"
25000,"Massachusetts",1500,"Educational services",251175,0.0516557075880779,"5.17%"
25000,"Massachusetts",1600,"Health care and social assistance",699211,0.1437971094192,"14.38%"
25000,"Massachusetts",1700,"Arts, entertainment, and recreation",132420,0.0272330000948075,"2.72%"
25000,"Massachusetts",1800,"Accommodation and food services",335983,0.0690970024985177,"6.91%"
25000,"Massachusetts",1900,"Other services (except government and government enterprises)",244565,0.0502963198020435,"5.03%"
25000,"Massachusetts",2000,"Government and government enterprises",464508,0.0955289715151703,"9.55%"
26000,"Michigan",100,"Forestry, fishing, and related activities",17357,0.00306393792546848,"0.31%"
26000,"Michigan",200,"Mining, quarrying, and oil and gas extraction",16456,0.00290488923785846,"0.29%"
26000,"Michigan",300,"Utilities",20869,0.00368389241035903,"0.37%"
26000,"Michigan",400,"Construction",276439,0.0487982909591854,"4.88%"
26000,"Michigan",500,"Manufacturing",657448,0.116055762010912,"11.61%"
26000,"Michigan",600,"Wholesale trade",187039,0.0330169894360603,"3.3%"
26000,"Michigan",700,"Retail trade",568780,0.100403676513681,"10.04%"
26000,"Michigan",800,"Transportation and warehousing",205251,0.036231855916364,"3.62%"
26000,"Michigan",900,"Information",72040,0.01271683402378,"1.27%"
26000,"Michigan",1000,"Finance and insurance",251674,0.0444266586077291,"4.44%"
26000,"Michigan",1100,"Real estate and rental and leasing",260936,0.0460616296894649,"4.61%"
26000,"Michigan",1200,"Professional, scientific, and technical services",418058,0.0737975319032956,"7.38%"
26000,"Michigan",1300,"Management of companies and enterprises",75352,0.0133014835835629,"1.33%"
26000,"Michigan",1400,"Administrative and support and waste management and remediation services",381267,0.0673030144051155,"6.73%"
26000,"Michigan",1500,"Educational services",107722,0.019015585712238,"1.9%"
26000,"Michigan",1600,"Health care and social assistance",685678,0.121039052189859,"12.1%"
26000,"Michigan",1700,"Arts, entertainment, and recreation",112537,0.019865551784205,"1.99%"
26000,"Michigan",1800,"Accommodation and food services",410769,0.0725108439077468,"7.25%"
26000,"Michigan",1900,"Other services (except government and government enterprises)",324574,0.057295303809472,"5.73%"
26000,"Michigan",2000,"Government and government enterprises",614686,0.108507215973643,"10.85%"
27000,"Minnesota",100,"Forestry, fishing, and related activities",14711,0.00395330525987654,"0.4%"
27000,"Minnesota",200,"Mining, quarrying, and oil and gas extraction",10232,0.00274965803949812,"0.27%"
27000,"Minnesota",300,"Utilities",12828,0.00344728433646226,"0.34%"
27000,"Minnesota",400,"Construction",182269,0.048981374237811,"4.9%"
27000,"Minnesota",500,"Manufacturing",339257,0.0911689540173977,"9.12%"
27000,"Minnesota",600,"Wholesale trade",140532,0.0377653385073055,"3.78%"
27000,"Minnesota",700,"Retail trade",365550,0.0982347044896928,"9.82%"
27000,"Minnesota",800,"Transportation and warehousing",155950,0.0419086367532967,"4.19%"
27000,"Minnesota",900,"Information",58725,0.0157812420220413,"1.58%"
27000,"Minnesota",1000,"Finance and insurance",219070,0.0588709525716236,"5.89%"
27000,"Minnesota",1100,"Real estate and rental and leasing",151165,0.0406227577737229,"4.06%"
27000,"Minnesota",1200,"Professional, scientific, and technical services",243471,0.0654282635393517,"6.54%"
27000,"Minnesota",1300,"Management of companies and enterprises",85181,0.0228907956863261,"2.29%"
27000,"Minnesota",1400,"Administrative and support and waste management and remediation services",172042,0.0462330598545089,"4.62%"
27000,"Minnesota",1500,"Educational services",94444,0.0253800531550391,"2.54%"
27000,"Minnesota",1600,"Health care and social assistance",512788,0.137802154687076,"13.78%"
27000,"Minnesota",1700,"Arts, entertainment, and recreation",94943,0.0255141500434001,"2.55%"
27000,"Minnesota",1800,"Accommodation and food services",242635,0.0652036042233802,"6.52%"
27000,"Minnesota",1900,"Other services (except government and government enterprises)",196204,0.0527261440560681,"5.27%"
27000,"Minnesota",2000,"Government and government enterprises",429193,0.115337566746122,"11.53%"
28000,"Mississippi",100,"Forestry, fishing, and related activities",15087,0.00962980740385192,"0.96%"
28000,"Mississippi",200,"Mining, quarrying, and oil and gas extraction",12634,0.00806409403726819,"0.81%"
28000,"Mississippi",300,"Utilities",8246,0.00526329898933936,"0.53%"
28000,"Mississippi",400,"Construction",84710,0.0540691313833298,"5.41%"
28000,"Mississippi",500,"Manufacturing",151217,0.0965195589705227,"9.65%"
28000,"Mississippi",600,"Wholesale trade",38680,0.0246888679247692,"2.47%"
28000,"Mississippi",700,"Retail trade",171251,0.109306962796914,"10.93%"
28000,"Mississippi",800,"Transportation and warehousing",71856,0.0458646146226012,"4.59%"
28000,"Mississippi",900,"Information",14617,0.00932981340373193,"0.93%"
28000,"Mississippi",1000,"Finance and insurance",57202,0.0365111846699236,"3.65%"
28000,"Mississippi",1100,"Real estate and rental and leasing",54439,0.034747602920282,"3.47%"
28000,"Mississippi",1200,"Professional, scientific, and technical services",58101,0.0370850029807914,"3.71%"
28000,"Mississippi",1300,"Management of companies and enterprises",13446,0.00858238154385848,"0.86%"
28000,"Mississippi",1400,"Administrative and support and waste management and remediation services",104230,0.0665284566649093,"6.65%"
28000,"Mississippi",1500,"Educational services",25932,0.0165520093853442,"1.66%"
28000,"Mississippi",1600,"Health care and social assistance",161292,0.102950281419904,"10.3%"
28000,"Mississippi",1700,"Arts, entertainment, and recreation",20480,0.0130720789839522,"1.31%"
28000,"Mississippi",1800,"Accommodation and food services",137726,0.0879084545968655,"8.79%"
28000,"Mississippi",1900,"Other services (except government and government enterprises)",94829,0.0605279383774027,"6.05%"
28000,"Mississippi",2000,"Government and government enterprises",270723,0.172798458924439,"17.28%"
29000,"Missouri",100,"Forestry, fishing, and related activities",14418,0.00391164426338296,"0.39%"
29000,"Missouri",200,"Mining, quarrying, and oil and gas extraction",8762,0.00237715543319195,"0.24%"
29000,"Missouri",300,"Utilities",12236,0.00331966147917561,"0.33%"
29000,"Missouri",400,"Construction",196223,0.0532358560336936,"5.32%"
29000,"Missouri",500,"Manufacturing",288323,0.0782228470627941,"7.82%"
29000,"Missouri",600,"Wholesale trade",129406,0.0351082145614742,"3.51%"
29000,"Missouri",700,"Retail trade",383835,0.104135523362158,"10.41%"
29000,"Missouri",800,"Transportation and warehousing",152786,0.0414512748248876,"4.15%"
29000,"Missouri",900,"Information",57370,0.0155646435976058,"1.56%"
29000,"Missouri",1000,"Finance and insurance",195440,0.0530234259145212,"5.3%"
29000,"Missouri",1100,"Real estate and rental and leasing",164140,0.0445316472043057,"4.45%"
29000,"Missouri",1200,"Professional, scientific, and technical services",229509,0.0622664421726148,"6.23%"
29000,"Missouri",1300,"Management of companies and enterprises",69414,0.0188322149326165,"1.88%"
29000,"Missouri",1400,"Administrative and support and waste management and remediation services",208670,0.0566127624108838,"5.66%"
29000,"Missouri",1500,"Educational services",85272,0.0231345352772362,"2.31%"
29000,"Missouri",1600,"Health care and social assistance",454955,0.123430580929907,"12.34%"
29000,"Missouri",1700,"Arts, entertainment, and recreation",76382,0.0207226530812677,"2.07%"
29000,"Missouri",1800,"Accommodation and food services",282842,0.0767358362285867,"7.67%"
29000,"Missouri",1900,"Other services (except government and government enterprises)",206545,0.0560362438882254,"5.6%"
29000,"Missouri",2000,"Government and government enterprises",469390,0.127346837341471,"12.73%"
30000,"Montana",100,"Forestry, fishing, and related activities",8336,0.0127152835084176,"1.27%"
30000,"Montana",200,"Mining, quarrying, and oil and gas extraction",12081,0.0184277039425616,"1.84%"
30000,"Montana",300,"Utilities",2958,0.00451197320272305,"0.45%"
30000,"Montana",400,"Construction",48905,0.0745970417441415,"7.46%"
30000,"Montana",500,"Manufacturing",25557,0.0389832654300179,"3.9%"
30000,"Montana",600,"Wholesale trade",18913,0.0288488672018597,"2.88%"
30000,"Montana",700,"Retail trade",75647,0.115387842077887,"11.54%"
30000,"Montana",800,"Transportation and warehousing",23174,0.0353483661257282,"3.53%"
30000,"Montana",900,"Information",8570,0.0130722144514322,"1.31%"
30000,"Montana",1000,"Finance and insurance",25688,0.0391830857442697,"3.92%"
30000,"Montana",1100,"Real estate and rental and leasing",38888,0.059317651760478,"5.93%"
30000,"Montana",1200,"Professional, scientific, and technical services",39260,0.0598850804391166,"5.99%"
30000,"Montana",1300,"Management of companies and enterprises",2642,0.0040299638950623,"0.4%"
30000,"Montana",1400,"Administrative and support and waste management and remediation services",26398,0.040266081340596,"4.03%"
30000,"Montana",1500,"Educational services",8769,0.0133757582875857,"1.34%"
30000,"Montana",1600,"Health care and social assistance",77273,0.117868054528066,"11.79%"
30000,"Montana",1700,"Arts, entertainment, and recreation",21488,0.0327766329209306,"3.28%"
30000,"Montana",1800,"Accommodation and food services",60151,0.0917510818515869,"9.18%"
30000,"Montana",1900,"Other services (except government and government enterprises)",35606,0.0543114664828116,"5.43%"
30000,"Montana",2000,"Government and government enterprises",95285,0.145342585064728,"14.53%"
31000,"Nebraska",100,"Forestry, fishing, and related activities",11872,0.00927505072293364,"0.93%"
31000,"Nebraska",200,"Mining, quarrying, and oil and gas extraction",3149,0.00246016970405307,"0.25%"
31000,"Nebraska",300,"Utilities",1256,0.000981255366240284,"0.1%"
31000,"Nebraska",400,"Construction",76865,0.0600511096545059,"6.01%"
31000,"Nebraska",500,"Manufacturing",103795,0.0810902872125082,"8.11%"
31000,"Nebraska",600,"Wholesale trade",43322,0.033845497592565,"3.38%"
31000,"Nebraska",700,"Retail trade",134883,0.1053779200355,"10.54%"
31000,"Nebraska",800,"Transportation and warehousing",69889,0.0546010798496554,"5.46%"
31000,"Nebraska",900,"Information",20402,0.0159391496672247,"1.59%"
31000,"Nebraska",1000,"Finance and insurance",83930,0.0655706710896075,"6.56%"
31000,"Nebraska",1100,"Real estate and rental and leasing",51137,0.0399509997320298,"4%"
31000,"Nebraska",1200,"Professional, scientific, and technical services",65507,0.0511776236276292,"5.12%"
31000,"Nebraska",1300,"Management of companies and enterprises",22732,0.0177594721221132,"1.78%"
31000,"Nebraska",1400,"Administrative and support and waste management and remediation services",66658,0.0520768472952586,"5.21%"
31000,"Nebraska",1500,"Educational services",24139,0.0188586968834986,"1.89%"
31000,"Nebraska",1600,"Health care and social assistance",145999,0.114062342528436,"11.41%"
31000,"Nebraska",1700,"Arts, entertainment, and recreation",26184,0.020456361870729,"2.05%"
31000,"Nebraska",1800,"Accommodation and food services",84209,0.0657886410316306,"6.58%"
31000,"Nebraska",1900,"Other services (except government and government enterprises)",68722,0.0536893561136662,"5.37%"
31000,"Nebraska",2000,"Government and government enterprises",175343,0.136987467900215,"13.7%"
32000,"Nevada",100,"Forestry, fishing, and related activities",1948,0.00105943149644155,"0.11%"
32000,"Nevada",200,"Mining, quarrying, and oil and gas extraction",19810,0.0107737874458455,"1.08%"
32000,"Nevada",300,"Utilities",4391,0.00238807171502816,"0.24%"
32000,"Nevada",400,"Construction",107829,0.058643449091271,"5.86%"
32000,"Nevada",500,"Manufacturing",61881,0.0336543534041579,"3.37%"
32000,"Nevada",600,"Wholesale trade",40854,0.0222186932010385,"2.22%"
32000,"Nevada",700,"Retail trade",180682,0.0982649905749754,"9.83%"
32000,"Nevada",800,"Transportation and warehousing",117807,0.0640700443025101,"6.41%"
32000,"Nevada",900,"Information",21841,0.0118783589906468,"1.19%"
32000,"Nevada",1000,"Finance and insurance",87208,0.047428594425911,"4.74%"
32000,"Nevada",1100,"Real estate and rental and leasing",107764,0.0586080984509893,"5.86%"
32000,"Nevada",1200,"Professional, scientific, and technical services",102072,0.0555124700743234,"5.55%"
32000,"Nevada",1300,"Management of companies and enterprises",32723,0.0177966000298033,"1.78%"
32000,"Nevada",1400,"Administrative and support and waste management and remediation services",133029,0.0723486204004738,"7.23%"
32000,"Nevada",1500,"Educational services",18034,0.00980789918214934,"0.98%"
32000,"Nevada",1600,"Health care and social assistance",147706,0.0803307949760758,"8.03%"
32000,"Nevada",1700,"Arts, entertainment, and recreation",58853,0.0320075574230362,"3.2%"
32000,"Nevada",1800,"Accommodation and food services",331566,0.180324159932823,"18.03%"
32000,"Nevada",1900,"Other services (except government and government enterprises)",88069,0.0478968544456421,"4.79%"
32000,"Nevada",2000,"Government and government enterprises",174655,0.0949871704368578,"9.5%"
33000,"New Hampshire",100,"Forestry, fishing, and related activities",3028,0.00340308457923916,"0.34%"
33000,"New Hampshire",200,"Mining, quarrying, and oil and gas extraction",1504,0.00169030356908048,"0.17%"
33000,"New Hampshire",300,"Utilities",2256,0.00253545535362072,"0.25%"
33000,"New Hampshire",400,"Construction",54706,0.0614825445811947,"6.15%"
33000,"New Hampshire",500,"Manufacturing",76136,0.0855671226964837,"8.56%"
33000,"New Hampshire",600,"Wholesale trade",30639,0.0344343158597453,"3.44%"
33000,"New Hampshire",700,"Retail trade",112470,0.126401889903246,"12.64%"
33000,"New Hampshire",800,"Transportation and warehousing",23141,0.0260075231995289,"2.6%"
33000,"New Hampshire",900,"Information",15412,0.0173211160948593,"1.73%"
33000,"New Hampshire",1000,"Finance and insurance",42283,0.0475206820554721,"4.75%"
33000,"New Hampshire",1100,"Real estate and rental and leasing",41464,0.0466002308433199,"4.66%"
33000,"New Hampshire",1200,"Professional, scientific, and technical services",64549,0.0725448172078298,"7.25%"
33000,"New Hampshire",1300,"Management of companies and enterprises",9978,0.0112139953539129,"1.12%"
33000,"New Hampshire",1400,"Administrative and support and waste management and remediation services",48647,0.0546730038065546,"5.47%"
33000,"New Hampshire",1500,"Educational services",31632,0.0355503208092778,"3.56%"
33000,"New Hampshire",1600,"Health care and social assistance",103185,0.115966737882692,"11.6%"
33000,"New Hampshire",1700,"Arts, entertainment, and recreation",24182,0.0271774740076491,"2.72%"
33000,"New Hampshire",1800,"Accommodation and food services",65694,0.0738316507095566,"7.38%"
33000,"New Hampshire",1900,"Other services (except government and government enterprises)",44543,0.0500606328973084,"5.01%"
33000,"New Hampshire",2000,"Government and government enterprises",94332,0.106017098589428,"10.6%"
34000,"New Jersey",100,"Forestry, fishing, and related activities",6891,0.00124386977616662,"0.12%"
34000,"New Jersey",200,"Mining, quarrying, and oil and gas extraction",3782,0.000682675300168647,"0.07%"
34000,"New Jersey",300,"Utilities",16569,0.00299081095941151,"0.3%"
34000,"New Jersey",400,"Construction",253582,0.0457731803192401,"4.58%"
34000,"New Jersey",500,"Manufacturing",264733,0.0477860074668288,"4.78%"
34000,"New Jersey",600,"Wholesale trade",236769,0.0427383257920757,"4.27%"
34000,"New Jersey",700,"Retail trade",544077,0.0982093943124953,"9.82%"
34000,"New Jersey",800,"Transportation and warehousing",331898,0.0599097215164922,"5.99%"
34000,"New Jersey",900,"Information",89954,0.0162372749739213,"1.62%"
34000,"New Jersey",1000,"Finance and insurance",344887,0.0622543194736288,"6.23%"
34000,"New Jersey",1100,"Real estate and rental and leasing",342604,0.0618422233048596,"6.18%"
34000,"New Jersey",1200,"Professional, scientific, and technical services",465179,0.0839677983757671,"8.4%"
34000,"New Jersey",1300,"Management of companies and enterprises",93518,0.0168805998733928,"1.69%"
34000,"New Jersey",1400,"Administrative and support and waste management and remediation services",355131,0.0641034272935462,"6.41%"
34000,"New Jersey",1500,"Educational services",138272,0.0249589844275302,"2.5%"
34000,"New Jersey",1600,"Health care and social assistance",663895,0.119837313169081,"11.98%"
34000,"New Jersey",1700,"Arts, entertainment, and recreation",129478,0.0233716109241767,"2.34%"
34000,"New Jersey",1800,"Accommodation and food services",354492,0.0639880836878329,"6.4%"
34000,"New Jersey",1900,"Other services (except government and government enterprises)",293719,0.0530181667081531,"5.3%"
34000,"New Jersey",2000,"Government and government enterprises",610539,0.110206212345232,"11.02%"
35000,"New Mexico",100,"Forestry, fishing, and related activities",6157,0.00566480232075644,"0.57%"
35000,"New Mexico",200,"Mining, quarrying, and oil and gas extraction",34490,0.0317328296317832,"3.17%"
35000,"New Mexico",300,"Utilities",4576,0.00421018928370659,"0.42%"
35000,"New Mexico",400,"Construction",64328,0.0591855455074907,"5.92%"
35000,"New Mexico",500,"Manufacturing",33596,0.0309102970225976,"3.09%"
35000,"New Mexico",600,"Wholesale trade",24563,0.0225994054579731,"2.26%"
35000,"New Mexico",700,"Retail trade",111663,0.102736531028525,"10.27%"
35000,"New Mexico",800,"Transportation and warehousing",32916,0.0302846570066621,"3.03%"
35000,"New Mexico",900,"Information",15297,0.014074140182006,"1.41%"
35000,"New Mexico",1000,"Finance and insurance",36018,0.033138679549944,"3.31%"
35000,"New Mexico",1100,"Real estate and rental and leasing",41842,0.0384971022746615,"3.85%"
35000,"New Mexico",1200,"Professional, scientific, and technical services",81618,0.0750933629714957,"7.51%"
35000,"New Mexico",1300,"Management of companies and enterprises",6488,0.00596934179910147,"0.6%"
35000,"New Mexico",1400,"Administrative and support and waste management and remediation services",57515,0.0529171845831259,"5.29%"
35000,"New Mexico",1500,"Educational services",17004,0.0156446806337733,"1.56%"
35000,"New Mexico",1600,"Health care and social assistance",135667,0.124821623591045,"12.48%"
35000,"New Mexico",1700,"Arts, entertainment, and recreation",26008,0.0239288904918359,"2.39%"
35000,"New Mexico",1800,"Accommodation and food services",95173,0.0875647606420907,"8.76%"
35000,"New Mexico",1900,"Other services (except government and government enterprises)",56309,0.0518075936136875,"5.18%"
35000,"New Mexico",2000,"Government and government enterprises",205659,0.189218382407739,"18.92%"
36000,"New York",100,"Forestry, fishing, and related activities",15091,0.00119388083659473,"0.12%"
36000,"New York",200,"Mining, quarrying, and oil and gas extraction",14099,0.00111540162448805,"0.11%"
36000,"New York",300,"Utilities",40515,0.00320522709526443,"0.32%"
36000,"New York",400,"Construction",564477,0.0446569659398637,"4.47%"
36000,"New York",500,"Manufacturing",480317,0.0379988908482321,"3.8%"
36000,"New York",600,"Wholesale trade",371518,0.029391572503479,"2.94%"
36000,"New York",700,"Retail trade",1096412,0.0867394656293487,"8.67%"
36000,"New York",800,"Transportation and warehousing",554355,0.0438561931727832,"4.39%"
36000,"New York",900,"Information",324084,0.0256389687261922,"2.56%"
36000,"New York",1000,"Finance and insurance",920352,0.0728109877225918,"7.28%"
36000,"New York",1100,"Real estate and rental and leasing",716667,0.0566970378053035,"5.67%"
36000,"New York",1200,"Professional, scientific, and technical services",1012722,0.080118573228937,"8.01%"
36000,"New York",1300,"Management of companies and enterprises",168930,0.0133644085697401,"1.34%"
36000,"New York",1400,"Administrative and support and waste management and remediation services",652677,0.0516346539517685,"5.16%"
36000,"New York",1500,"Educational services",495418,0.0391935628059166,"3.92%"
36000,"New York",1600,"Health care and social assistance",1777602,0.140629843144422,"14.06%"
36000,"New York",1700,"Arts, entertainment, and recreation",383634,0.0303500948158626,"3.04%"
36000,"New York",1800,"Accommodation and food services",856039,0.0677230506578567,"6.77%"
36000,"New York",1900,"Other services (except government and government enterprises)",698741,0.0552788741397547,"5.53%"
36000,"New York",2000,"Government and government enterprises",1496640,0.118402346781601,"11.84%"
37000,"North Carolina",100,"Forestry, fishing, and related activities",25856,0.00431387224591474,"0.43%"
37000,"North Carolina",200,"Mining, quarrying, and oil and gas extraction",7800,0.00130136925735361,"0.13%"
37000,"North Carolina",300,"Utilities",15641,0.00260957904541895,"0.26%"
37000,"North Carolina",400,"Construction",357615,0.0596652778164759,"5.97%"
37000,"North Carolina",500,"Manufacturing",499183,0.083284796153019,"8.33%"
37000,"North Carolina",600,"Wholesale trade",199796,0.0333344066849003,"3.33%"
37000,"North Carolina",700,"Retail trade",609931,0.101762237500891,"10.18%"
37000,"North Carolina",800,"Transportation and warehousing",223809,0.0373407887332121,"3.73%"
37000,"North Carolina",900,"Information",97456,0.016259774659571,"1.63%"
37000,"North Carolina",1000,"Finance and insurance",272839,0.0455210624111669,"4.55%"
37000,"North Carolina",1100,"Real estate and rental and leasing",271509,0.0452991622685669,"4.53%"
37000,"North Carolina",1200,"Professional, scientific, and technical services",384051,0.0640759185456298,"6.41%"
37000,"North Carolina",1300,"Management of companies and enterprises",90220,0.0150525044100568,"1.51%"
37000,"North Carolina",1400,"Administrative and support and waste management and remediation services",414469,0.0691509249648839,"6.92%"
37000,"North Carolina",1500,"Educational services",143494,0.023940856437782,"2.39%"
37000,"North Carolina",1600,"Health care and social assistance",582128,0.0971235234672748,"9.71%"
37000,"North Carolina",1700,"Arts, entertainment, and recreation",137376,0.0229201157818218,"2.29%"
37000,"North Carolina",1800,"Accommodation and food services",462727,0.0772023964548032,"7.72%"
37000,"North Carolina",1900,"Other services (except government and government enterprises)",335517,0.0559783986050656,"5.6%"
37000,"North Carolina",2000,"Government and government enterprises",862270,0.143863034556192,"14.39%"
38000,"North Dakota",100,"Forestry, fishing, and related activities",5246,0.00947673809446389,"0.95%"
38000,"North Dakota",200,"Mining, quarrying, and oil and gas extraction",27073,0.0489065441157875,"4.89%"
38000,"North Dakota",300,"Utilities",3767,0.00680496995841508,"0.68%"
38000,"North Dakota",400,"Construction",35768,0.064613794922376,"6.46%"
38000,"North Dakota",500,"Manufacturing",27781,0.0501855243999812,"5.02%"
38000,"North Dakota",600,"Wholesale trade",24887,0.0449576021648728,"4.5%"
38000,"North Dakota",700,"Retail trade",58648,0.105945813146039,"10.59%"
38000,"North Dakota",800,"Transportation and warehousing",27194,0.0491251269044703,"4.91%"
38000,"North Dakota",900,"Information",7146,0.0129090298175827,"1.29%"
38000,"North Dakota",1000,"Finance and insurance",27175,0.0490908039872391,"4.91%"
38000,"North Dakota",1100,"Real estate and rental and leasing",25223,0.0455645758590665,"4.56%"
38000,"North Dakota",1200,"Professional, scientific, and technical services",23103,0.0417348608837971,"4.17%"
38000,"North Dakota",1300,"Management of companies and enterprises",5750,0.0103871986357544,"1.04%"
38000,"North Dakota",1400,"Administrative and support and waste management and remediation services",18545,0.0335009736869678,"3.35%"
38000,"North Dakota",1500,"Educational services",6836,0.012349024325916,"1.23%"
38000,"North Dakota",1600,"Health care and social assistance",66863,0.120785958675208,"12.08%"
38000,"North Dakota",1700,"Arts, entertainment, and recreation",9891,0.0178677881228255,"1.79%"
38000,"North Dakota",1800,"Accommodation and food services",37796,0.0682773147194734,"6.83%"
38000,"North Dakota",1900,"Other services (except government and government enterprises)",26296,0.0475029174479647,"4.75%"
38000,"North Dakota",2000,"Government and government enterprises",88578,0.1600134401318,"16%"
39000,"Ohio",100,"Forestry, fishing, and related activities",15671,0.00223722525250694,"0.22%"
39000,"Ohio",200,"Mining, quarrying, and oil and gas extraction",29144,0.00416065935543757,"0.42%"
39000,"Ohio",300,"Utilities",20075,0.00286594964865527,"0.29%"
39000,"Ohio",400,"Construction",351527,0.0501847413271653,"5.02%"
39000,"Ohio",500,"Manufacturing",730959,0.104353259737555,"10.44%"
39000,"Ohio",600,"Wholesale trade",252421,0.0360361582198363,"3.6%"
39000,"Ohio",700,"Retail trade",683889,0.0976334465389393,"9.76%"
39000,"Ohio",800,"Transportation and warehousing",316571,0.0451943485043312,"4.52%"
39000,"Ohio",900,"Information",88882,0.0126889831467884,"1.27%"
39000,"Ohio",1000,"Finance and insurance",351849,0.0502307107312433,"5.02%"
39000,"Ohio",1100,"Real estate and rental and leasing",284954,0.0406806384150892,"4.07%"
39000,"Ohio",1200,"Professional, scientific, and technical services",400203,0.0571338304976731,"5.71%"
39000,"Ohio",1300,"Management of companies and enterprises",148981,0.0212688440650715,"2.13%"
39000,"Ohio",1400,"Administrative and support and waste management and remediation services",426736,0.0609217379461299,"6.09%"
39000,"Ohio",1500,"Educational services",153805,0.0219575285534956,"2.2%"
39000,"Ohio",1600,"Health care and social assistance",904765,0.129166173542495,"12.92%"
39000,"Ohio",1700,"Arts, entertainment, and recreation",148567,0.0212097405455426,"2.12%"
39000,"Ohio",1800,"Accommodation and food services",520686,0.0743342395397121,"7.43%"
39000,"Ohio",1900,"Other services (except government and government enterprises)",370025,0.0528255551055376,"5.28%"
39000,"Ohio",2000,"Government and government enterprises",804949,0.114916229326795,"11.49%"
40000,"Oklahoma",100,"Forestry, fishing, and related activities",10148,0.00450044126321018,"0.45%"
40000,"Oklahoma",200,"Mining, quarrying, and oil and gas extraction",126436,0.0560719148162438,"5.61%"
40000,"Oklahoma",300,"Utilities",11082,0.004914652155981,"0.49%"
40000,"Oklahoma",400,"Construction",133966,0.0594113238339786,"5.94%"
40000,"Oklahoma",500,"Manufacturing",149890,0.0664733091192918,"6.65%"
40000,"Oklahoma",600,"Wholesale trade",63152,0.0280066876876477,"2.8%"
40000,"Oklahoma",700,"Retail trade",228279,0.101237310910954,"10.12%"
40000,"Oklahoma",800,"Transportation and warehousing",81197,0.0360092953536536,"3.6%"
40000,"Oklahoma",900,"Information",25997,0.0115291655025301,"1.15%"
40000,"Oklahoma",1000,"Finance and insurance",103675,0.0459778525781745,"4.6%"
40000,"Oklahoma",1100,"Real estate and rental and leasing",89837,0.0398409678520903,"3.98%"
40000,"Oklahoma",1200,"Professional, scientific, and technical services",115597,0.0512650284492813,"5.13%"
40000,"Oklahoma",1300,"Management of companies and enterprises",22934,0.0101707843841606,"1.02%"
40000,"Oklahoma",1400,"Administrative and support and waste management and remediation services",138636,0.0614823782978327,"6.15%"
40000,"Oklahoma",1500,"Educational services",31027,0.0137598729871524,"1.38%"
40000,"Oklahoma",1600,"Health care and social assistance",220495,0.0977852578174545,"9.78%"
40000,"Oklahoma",1700,"Arts, entertainment, and recreation",36144,0.016029163285127,"1.6%"
40000,"Oklahoma",1800,"Accommodation and food services",169253,0.0750604242335546,"7.51%"
40000,"Oklahoma",1900,"Other services (except government and government enterprises)",128517,0.0569947979724066,"5.7%"
40000,"Oklahoma",2000,"Government and government enterprises",368628,0.163479371499275,"16.35%"
41000,"Oregon",100,"Forestry, fishing, and related activities",33856,0.0134651905971161,"1.35%"
41000,"Oregon",200,"Mining, quarrying, and oil and gas extraction",5960,0.00237040808006889,"0.24%"
41000,"Oregon",300,"Utilities",5113,0.00203353968345507,"0.2%"
41000,"Oregon",400,"Construction",141900,0.0564363937184186,"5.64%"
41000,"Oregon",500,"Manufacturing",213599,0.0849524824655426,"8.5%"
41000,"Oregon",600,"Wholesale trade",82827,0.0329419110818566,"3.29%"
41000,"Oregon",700,"Retail trade",261088,0.103839782686078,"10.38%"
41000,"Oregon",800,"Transportation and warehousing",101927,0.0405383530834197,"4.05%"
41000,"Oregon",900,"Information",43637,0.0173552847969742,"1.74%"
41000,"Oregon",1000,"Finance and insurance",96972,0.038567653077255,"3.86%"
41000,"Oregon",1100,"Real estate and rental and leasing",121277,0.0482342249541131,"4.82%"
41000,"Oregon",1200,"Professional, scientific, and technical services",169951,0.0675928227543267,"6.76%"
41000,"Oregon",1300,"Management of companies and enterprises",50566,0.0201110830497925,"2.01%"
41000,"Oregon",1400,"Administrative and support and waste management and remediation services",134442,0.0534702018625203,"5.35%"
41000,"Oregon",1500,"Educational services",59451,0.0236448205986871,"2.36%"
41000,"Oregon",1600,"Health care and social assistance",298520,0.118727218131235,"11.87%"
41000,"Oregon",1700,"Arts, entertainment, and recreation",66732,0.0265406161072411,"2.65%"
41000,"Oregon",1800,"Accommodation and food services",202374,0.0804880813415873,"8.05%"
41000,"Oregon",1900,"Other services (except government and government enterprises)",130261,0.0518073367311834,"5.18%"
41000,"Oregon",2000,"Government and government enterprises",293882,0.116882595199128,"11.69%"
42000,"Pennsylvania",100,"Forestry, fishing, and related activities",19500,0.0025234261294176,"0.25%"
42000,"Pennsylvania",200,"Mining, quarrying, and oil and gas extraction",48774,0.0063116710787802,"0.63%"
42000,"Pennsylvania",300,"Utilities",25195,0.00326039596567571,"0.33%"
42000,"Pennsylvania",400,"Construction",398669,0.0515903472609633,"5.16%"
42000,"Pennsylvania",500,"Manufacturing",603101,0.0780451703629683,"7.8%"
42000,"Pennsylvania",600,"Wholesale trade",236561,0.030612523518008,"3.06%"
42000,"Pennsylvania",700,"Retail trade",762997,0.0987367469983199,"9.87%"
42000,"Pennsylvania",800,"Transportation and warehousing",393050,0.0508632123162865,"5.09%"
42000,"Pennsylvania",900,"Information",105200,0.0136135604520375,"1.36%"
42000,"Pennsylvania",1000,"Finance and insurance",410639,0.0531393426850212,"5.31%"
42000,"Pennsylvania",1100,"Real estate and rental and leasing",318945,0.0412735459921587,"4.13%"
42000,"Pennsylvania",1200,"Professional, scientific, and technical services",526859,0.06817896241635,"6.82%"
42000,"Pennsylvania",1300,"Management of companies and enterprises",146439,0.0189501537931171,"1.9%"
42000,"Pennsylvania",1400,"Administrative and support and waste management and remediation services",402080,0.0520317527239091,"5.2%"
42000,"Pennsylvania",1500,"Educational services",310487,0.0401790260843324,"4.02%"
42000,"Pennsylvania",1600,"Health care and social assistance",1128504,0.146035716961655,"14.6%"
42000,"Pennsylvania",1700,"Arts, entertainment, and recreation",177530,0.0229735302951542,"2.3%"
42000,"Pennsylvania",1800,"Accommodation and food services",515346,0.0666891057482483,"6.67%"
42000,"Pennsylvania",1900,"Other services (except government and government enterprises)",425216,0.0550257007716119,"5.5%"
42000,"Pennsylvania",2000,"Government and government enterprises",772497,0.0999661084459849,"10%"
44000,"Rhode Island",300,"Utilities",1546,0.00239878105924958,"0.24%"
44000,"Rhode Island",400,"Construction",31998,0.0496482511862019,"4.96%"
44000,"Rhode Island",500,"Manufacturing",42883,0.0665374697049158,"6.65%"
44000,"Rhode Island",600,"Wholesale trade",18076,0.0280468088143567,"2.8%"
44000,"Rhode Island",700,"Retail trade",57793,0.0896718976437329,"8.97%"
44000,"Rhode Island",800,"Transportation and warehousing",21108,0.0327512746433636,"3.28%"
44000,"Rhode Island",900,"Information",7857,0.0121909591090064,"1.22%"
44000,"Rhode Island",1000,"Finance and insurance",37593,0.0583294801813516,"5.83%"
44000,"Rhode Island",1100,"Real estate and rental and leasing",30672,0.0475908231884238,"4.76%"
44000,"Rhode Island",1200,"Professional, scientific, and technical services",42983,0.0666926301874028,"6.67%"
44000,"Rhode Island",1300,"Management of companies and enterprises",14269,0.0221398492460752,"2.21%"
44000,"Rhode Island",1400,"Administrative and support and waste management and remediation services",37843,0.0587173813875692,"5.87%"
44000,"Rhode Island",1500,"Educational services",33076,0.0513208811874121,"5.13%"
44000,"Rhode Island",1600,"Health care and social assistance",88983,0.13806645213144,"13.81%"
44000,"Rhode Island",1700,"Arts, entertainment, and recreation",18099,0.0280824957253287,"2.81%"
44000,"Rhode Island",1800,"Accommodation and food services",53107,0.0824010774343904,"8.24%"
44000,"Rhode Island",1900,"Other services (except government and government enterprises)",33932,0.0526490549175012,"5.26%"
44000,"Rhode Island",2000,"Government and government enterprises",72676,0.112764432252279,"11.28%"
45000,"South Carolina",100,"Forestry, fishing, and related activities",12250,0.00435177705260002,"0.44%"
45000,"South Carolina",200,"Mining, quarrying, and oil and gas extraction",4964,0.00176344663584543,"0.18%"
45000,"South Carolina",300,"Utilities",12506,0.0044427203118217,"0.44%"
45000,"South Carolina",400,"Construction",162097,0.0575844901955351,"5.76%"
45000,"South Carolina",500,"Manufacturing",259885,0.0923233942297923,"9.23%"
45000,"South Carolina",600,"Wholesale trade",79247,0.0281522674357056,"2.82%"
45000,"South Carolina",700,"Retail trade",304262,0.108088195067607,"10.81%"
45000,"South Carolina",800,"Transportation and warehousing",107049,0.0380288474860228,"3.8%"
45000,"South Carolina",900,"Information",36208,0.0128627872261666,"1.29%"
45000,"South Carolina",1000,"Finance and insurance",115218,0.0409308610976709,"4.09%"
45000,"South Carolina",1100,"Real estate and rental and leasing",133029,0.0472581673085982,"4.73%"
45000,"South Carolina",1200,"Professional, scientific, and technical services",158649,0.0563595981728931,"5.64%"
45000,"South Carolina",1300,"Management of companies and enterprises",26233,0.00931919734047806,"0.93%"
45000,"South Carolina",1400,"Administrative and support and waste management and remediation services",226664,0.0805217301102474,"8.05%"
45000,"South Carolina",1500,"Educational services",47082,0.0167257442604501,"1.67%"
45000,"South Carolina",1600,"Health care and social assistance",241621,0.0858351610796954,"8.58%"
45000,"South Carolina",1700,"Arts, entertainment, and recreation",58949,0.020941461671324,"2.09%"
45000,"South Carolina",1800,"Accommodation and food services",250531,0.0890004127971376,"8.9%"
45000,"South Carolina",1900,"Other services (except government and government enterprises)",167139,0.0593756461056746,"5.94%"
45000,"South Carolina",2000,"Government and government enterprises",411359,0.146134094414734,"14.61%"
46000,"South Dakota",100,"Forestry, fishing, and related activities",6083,0.0104826535606212,"1.05%"
46000,"South Dakota",200,"Mining, quarrying, and oil and gas extraction",2615,0.00450635197452317,"0.45%"
46000,"South Dakota",300,"Utilities",2081,0.00358612560572953,"0.36%"
46000,"South Dakota",400,"Construction",35508,0.0611898837137165,"6.12%"
46000,"South Dakota",500,"Manufacturing",47103,0.0811712034630841,"8.12%"
46000,"South Dakota",600,"Wholesale trade",22154,0.0381773314124613,"3.82%"
46000,"South Dakota",700,"Retail trade",67294,0.115965755171534,"11.6%"
46000,"South Dakota",800,"Transportation and warehousing",19102,0.0329179102934385,"3.29%"
46000,"South Dakota",900,"Information",6974,0.0120180874456308,"1.2%"
46000,"South Dakota",1000,"Finance and insurance",39903,0.0687636569175518,"6.88%"
46000,"South Dakota",1100,"Real estate and rental and leasing",26412,0.0455150165778608,"4.55%"
46000,"South Dakota",1200,"Professional, scientific, and technical services",23079,0.0397713564894915,"3.98%"
46000,"South Dakota",1300,"Management of companies and enterprises",5960,0.010270691307135,"1.03%"
46000,"South Dakota",1400,"Administrative and support and waste management and remediation services",19178,0.033048878840308,"3.3%"
46000,"South Dakota",1500,"Educational services",10223,0.0176169928243022,"1.76%"
46000,"South Dakota",1600,"Health care and social assistance",71733,0.123615352270926,"12.36%"
46000,"South Dakota",1700,"Arts, entertainment, and recreation",12760,0.0219889297112488,"2.2%"
46000,"South Dakota",1800,"Accommodation and food services",45160,0.0778228891661439,"7.78%"
46000,"South Dakota",1900,"Other services (except government and government enterprises)",30453,0.0524787520765408,"5.25%"
46000,"South Dakota",2000,"Government and government enterprises",86517,0.149092181177752,"14.91%"
47000,"Tennessee",100,"Forestry, fishing, and related activities",11454,0.00283171821066263,"0.28%"
47000,"Tennessee",200,"Mining, quarrying, and oil and gas extraction",8832,0.00218349356002901,"0.22%"
47000,"Tennessee",300,"Utilities",4045,0.00100002620587832,"0.1%"
47000,"Tennessee",400,"Construction",226412,0.0559747672003271,"5.6%"
47000,"Tennessee",500,"Manufacturing",367789,0.0909267338031602,"9.09%"
47000,"Tennessee",600,"Wholesale trade",131179,0.0324307633277905,"3.24%"
47000,"Tennessee",700,"Retail trade",421526,0.104211877987408,"10.42%"
47000,"Tennessee",800,"Transportation and warehousing",235649,0.0582583869935776,"5.83%"
47000,"Tennessee",900,"Information",58894,0.0145600848872677,"1.46%"
47000,"Tennessee",1000,"Finance and insurance",183038,0.0452516184602118,"4.53%"
47000,"Tennessee",1100,"Real estate and rental and leasing",162948,0.040284862841894,"4.03%"
47000,"Tennessee",1200,"Professional, scientific, and technical services",229601,0.0567631685774708,"5.68%"
47000,"Tennessee",1300,"Management of companies and enterprises",54910,0.0135751394226894,"1.36%"
47000,"Tennessee",1400,"Administrative and support and waste management and remediation services",311412,0.0769889149134687,"7.7%"
47000,"Tennessee",1500,"Educational services",81753,0.0202114072704995,"2.02%"
47000,"Tennessee",1600,"Health care and social assistance",430386,0.106402293854919,"10.64%"
47000,"Tennessee",1700,"Arts, entertainment, and recreation",95851,0.0236967890876745,"2.37%"
47000,"Tennessee",1800,"Accommodation and food services",328564,0.0812293226967134,"8.12%"
47000,"Tennessee",1900,"Other services (except government and government enterprises)",248868,0.0615264578008719,"6.15%"
47000,"Tennessee",2000,"Government and government enterprises",451783,0.111692172897485,"11.17%"
48000,"Texas",100,"Forestry, fishing, and related activities",66776,0.00385405830446368,"0.39%"
48000,"Texas",200,"Mining, quarrying, and oil and gas extraction",472231,0.0272553882708636,"2.73%"
48000,"Texas",300,"Utilities",57045,0.00329242176797248,"0.33%"
48000,"Texas",400,"Construction",1194018,0.0689142055316149,"6.89%"
48000,"Texas",500,"Manufacturing",965227,0.0557092538493256,"5.57%"
48000,"Texas",600,"Wholesale trade",636392,0.0367301406567367,"3.67%"
48000,"Texas",700,"Retail trade",1658345,0.0957134047998656,"9.57%"
48000,"Texas",800,"Transportation and warehousing",893546,0.0515720974859276,"5.16%"
48000,"Texas",900,"Information",260262,0.0150213388408459,"1.5%"
48000,"Texas",1000,"Finance and insurance",1039012,0.0599678451395324,"6%"
48000,"Texas",1100,"Real estate and rental and leasing",793820,0.0458162897335773,"4.58%"
48000,"Texas",1200,"Professional, scientific, and technical services",1208630,0.0697575549377611,"6.98%"
48000,"Texas",1300,"Management of companies and enterprises",202759,0.0117024830441289,"1.17%"
48000,"Texas",1400,"Administrative and support and waste management and remediation services",1170655,0.0675657814845443,"6.76%"
48000,"Texas",1500,"Educational services",279491,0.0161311640345762,"1.61%"
48000,"Texas",1600,"Health care and social assistance",1698315,0.098020322111915,"9.8%"
48000,"Texas",1700,"Arts, entertainment, and recreation",304430,0.0175705488443135,"1.76%"
48000,"Texas",1800,"Accommodation and food services",1344174,0.0775806422568612,"7.76%"
48000,"Texas",1900,"Other services (except government and government enterprises)",1005377,0.0580265600809689,"5.8%"
48000,"Texas",2000,"Government and government enterprises",2075647,0.119798498824205,"11.98%"
49000,"Utah",100,"Forestry, fishing, and related activities",4196,0.00205709164696268,"0.21%"
49000,"Utah",200,"Mining, quarrying, and oil and gas extraction",14460,0.00708902412180179,"0.71%"
49000,"Utah",300,"Utilities",4988,0.00244537014658004,"0.24%"
49000,"Utah",400,"Construction",133414,0.0654062976615535,"6.54%"
49000,"Utah",500,"Manufacturing",143461,0.0703318457495025,"7.03%"
49000,"Utah",600,"Wholesale trade",56739,0.0278163305426633,"2.78%"
49000,"Utah",700,"Retail trade",216210,0.105997088891754,"10.6%"
49000,"Utah",800,"Transportation and warehousing",83459,0.0409158273984409,"4.09%"
49000,"Utah",900,"Information",44328,0.0217318299634322,"2.17%"
49000,"Utah",1000,"Finance and insurance",131661,0.0645468883057085,"6.45%"
49000,"Utah",1100,"Real estate and rental and leasing",117678,0.0576917137348126,"5.77%"
49000,"Utah",1200,"Professional, scientific, and technical services",159186,0.0780410369193043,"7.8%"
49000,"Utah",1300,"Management of companies and enterprises",29408,0.0144172905514486,"1.44%"
49000,"Utah",1400,"Administrative and support and waste management and remediation services",116220,0.0569769283150625,"5.7%"
49000,"Utah",1500,"Educational services",67926,0.0333007643497585,"3.33%"
49000,"Utah",1600,"Health care and social assistance",172715,0.0846736377038033,"8.47%"
49000,"Utah",1700,"Arts, entertainment, and recreation",47952,0.0235084982495601,"2.35%"
49000,"Utah",1800,"Accommodation and food services",133541,0.0654685594916689,"6.55%"
49000,"Utah",1900,"Other services (except government and government enterprises)",103418,0.0507007397391769,"5.07%"
49000,"Utah",2000,"Government and government enterprises",258813,0.126883236517005,"12.69%"
50000,"Vermont",100,"Forestry, fishing, and related activities",3402,0.00788686681349252,"0.79%"
50000,"Vermont",200,"Mining, quarrying, and oil and gas extraction",1316,0.00305088675089834,"0.31%"
50000,"Vermont",300,"Utilities",1449,0.00335922105019126,"0.34%"
50000,"Vermont",400,"Construction",28927,0.0670615509447085,"6.71%"
50000,"Vermont",500,"Manufacturing",34162,0.079197867161238,"7.92%"
50000,"Vermont",600,"Wholesale trade",10380,0.0240639851628608,"2.41%"
50000,"Vermont",700,"Retail trade",46754,0.10838993856497,"10.84%"
50000,"Vermont",800,"Transportation and warehousing",10699,0.0248035238205633,"2.48%"
50000,"Vermont",900,"Information",5913,0.0137081256520227,"1.37%"
50000,"Vermont",1000,"Finance and insurance",14071,0.0326208415439898,"3.26%"
50000,"Vermont",1100,"Real estate and rental and leasing",16418,0.0380618986901588,"3.81%"
50000,"Vermont",1200,"Professional, scientific, and technical services",27795,0.0644372319462154,"6.44%"
50000,"Vermont",1300,"Management of companies and enterprises",2347,0.005441057146169,"0.54%"
50000,"Vermont",1400,"Administrative and support and waste management and remediation services",19373,0.0449124840616669,"4.49%"
50000,"Vermont",1500,"Educational services",19479,0.0451582241799003,"4.52%"
50000,"Vermont",1600,"Health care and social assistance",59988,0.139070360496117,"13.91%"
50000,"Vermont",1700,"Arts, entertainment, and recreation",12473,0.0289161933464704,"2.89%"
50000,"Vermont",1800,"Accommodation and food services",36535,0.0846992001854642,"8.47%"
50000,"Vermont",1900,"Other services (except government and government enterprises)",22218,0.0515080561029327,"5.15%"
50000,"Vermont",2000,"Government and government enterprises",57651,0.13365248637997,"13.37%"
51000,"Virginia",100,"Forestry, fishing, and related activities",14323,0.00271503059361605,"0.27%"
51000,"Virginia",200,"Mining, quarrying, and oil and gas extraction",11407,0.00216228122470001,"0.22%"
51000,"Virginia",300,"Utilities",11410,0.00216284989689025,"0.22%"
51000,"Virginia",400,"Construction",292561,0.0554571015498781,"5.55%"
51000,"Virginia",500,"Manufacturing",255217,0.0483782701257353,"4.84%"
51000,"Virginia",600,"Wholesale trade",121419,0.0230158695556983,"2.3%"
51000,"Virginia",700,"Retail trade",499888,0.0947574679453703,"9.48%"
51000,"Virginia",800,"Transportation and warehousing",228349,0.0432852419899205,"4.33%"
51000,"Virginia",900,"Information",84478,0.0160134297624448,"1.6%"
51000,"Virginia",1000,"Finance and insurance",227252,0.0430772975256883,"4.31%"
51000,"Virginia",1100,"Real estate and rental and leasing",240773,0.0456403030871128,"4.56%"
51000,"Virginia",1200,"Professional, scientific, and technical services",572803,0.108579045529222,"10.86%"
51000,"Virginia",1300,"Management of companies and enterprises",80830,0.0153219243791095,"1.53%"
51000,"Virginia",1400,"Administrative and support and waste management and remediation services",321380,0.0609199561667476,"6.09%"
51000,"Virginia",1500,"Educational services",110758,0.020994998148972,"2.1%"
51000,"Virginia",1600,"Health care and social assistance",508090,0.0963122177134942,"9.63%"
51000,"Virginia",1700,"Arts, entertainment, and recreation",114580,0.0217194865193414,"2.17%"
51000,"Virginia",1800,"Accommodation and food services",380982,0.0722179561276988,"7.22%"
51000,"Virginia",1900,"Other services (except government and government enterprises)",313211,0.0593714617927163,"5.94%"
51000,"Virginia",2000,"Government and government enterprises",885736,0.167897810365643,"16.79%"
53000,"Washington",100,"Forestry, fishing, and related activities",44225,0.0098817806108404,"0.99%"
53000,"Washington",200,"Mining, quarrying, and oil and gas extraction",8616,0.00192518760300737,"0.19%"
53000,"Washington",300,"Utilities",5595,0.00125016534805318,"0.13%"
53000,"Washington",400,"Construction",273299,0.0610668345768699,"6.11%"
53000,"Washington",500,"Manufacturing",309746,0.069210673082767,"6.92%"
53000,"Washington",600,"Wholesale trade",144124,0.0322035443472416,"3.22%"
53000,"Washington",700,"Retail trade",466804,0.104304233267671,"10.43%"
53000,"Washington",800,"Transportation and warehousing",201249,0.0449677437230304,"4.5%"
53000,"Washington",900,"Information",147463,0.0329496215764015,"3.29%"
53000,"Washington",1000,"Finance and insurance",171694,0.0383638765448871,"3.84%"
53000,"Washington",1100,"Real estate and rental and leasing",215243,0.0480946094747116,"4.81%"
53000,"Washington",1200,"Professional, scientific, and technical services",336504,0.0751895693085413,"7.52%"
53000,"Washington",1300,"Management of companies and enterprises",49096,0.0109701729987523,"1.1%"
53000,"Washington",1400,"Administrative and support and waste management and remediation services",223214,0.0498756761394715,"4.99%"
53000,"Washington",1500,"Educational services",83230,0.0185971871167947,"1.86%"
53000,"Washington",1600,"Health care and social assistance",484567,0.10827325687401,"10.83%"
53000,"Washington",1700,"Arts, entertainment, and recreation",110569,0.0247059039086492,"2.47%"
53000,"Washington",1800,"Accommodation and food services",314058,0.0701741606575311,"7.02%"
53000,"Washington",1900,"Other services (except government and government enterprises)",229589,0.0513001272733123,"5.13%"
53000,"Washington",2000,"Government and government enterprises",656523,0.146695675567457,"14.67%"
54000,"West Virginia",100,"Forestry, fishing, and related activities",3059,0.00347166265289956,"0.35%"
54000,"West Virginia",200,"Mining, quarrying, and oil and gas extraction",32928,0.037370025444484,"3.74%"
54000,"West Virginia",300,"Utilities",5486,0.00622606777175776,"0.62%"
54000,"West Virginia",400,"Construction",54208,0.0615207221603071,"6.15%"
54000,"West Virginia",500,"Manufacturing",49955,0.0566939875206268,"5.67%"
54000,"West Virginia",600,"Wholesale trade",22336,0.0253491523423225,"2.53%"
54000,"West Virginia",700,"Retail trade",102109,0.115883622695299,"11.59%"
54000,"West Virginia",800,"Transportation and warehousing",29721,0.0337303974196887,"3.37%"
54000,"West Virginia",900,"Information",10096,0.0114579621260784,"1.15%"
54000,"West Virginia",1000,"Finance and insurance",26511,0.030087364691409,"3.01%"
54000,"West Virginia",1100,"Real estate and rental and leasing",26931,0.0305640231792213,"3.06%"
54000,"West Virginia",1200,"Professional, scientific, and technical services",40760,0.0462585713410219,"4.63%"
54000,"West Virginia",1300,"Management of companies and enterprises",7730,0.00877278597806917,"0.88%"
54000,"West Virginia",1400,"Administrative and support and waste management and remediation services",44865,0.0509173406088064,"5.09%"
54000,"West Virginia",1500,"Educational services",13242,0.0150283611800248,"1.5%"
54000,"West Virginia",1600,"Health care and social assistance",126502,0.143567266726741,"14.36%"
54000,"West Virginia",1700,"Arts, entertainment, and recreation",14954,0.0169713119684407,"1.7%"
54000,"West Virginia",1800,"Accommodation and food services",70905,0.0804701668531688,"8.05%"
54000,"West Virginia",1900,"Other services (except government and government enterprises)",46212,0.0524460524732901,"5.24%"
54000,"West Virginia",2000,"Government and government enterprises",152624,0.173213154866343,"17.32%"
55000,"Wisconsin",100,"Forestry, fishing, and related activities",17016,0.00465943362798902,"0.47%"
55000,"Wisconsin",200,"Mining, quarrying, and oil and gas extraction",7179,0.00196580124678733,"0.2%"
55000,"Wisconsin",300,"Utilities",9535,0.00261093674440969,"0.26%"
55000,"Wisconsin",400,"Construction",185103,0.0506861273414229,"5.07%"
55000,"Wisconsin",500,"Manufacturing",494421,0.135385627279264,"13.54%"
55000,"Wisconsin",600,"Wholesale trade",134571,0.0368491209891932,"3.68%"
55000,"Wisconsin",700,"Retail trade",377516,0.103373927215791,"10.34%"
55000,"Wisconsin",800,"Transportation and warehousing",147817,0.0404762282903416,"4.05%"
55000,"Wisconsin",900,"Information",55749,0.015265559786481,"1.53%"
55000,"Wisconsin",1000,"Finance and insurance",182834,0.0500648147590353,"5.01%"
55000,"Wisconsin",1100,"Real estate and rental and leasing",134760,0.0369008742188411,"3.69%"
55000,"Wisconsin",1200,"Professional, scientific, and technical services",176587,0.0483542199145332,"4.84%"
55000,"Wisconsin",1300,"Management of companies and enterprises",70818,0.0193918530011123,"1.94%"
55000,"Wisconsin",1400,"Administrative and support and waste management and remediation services",181940,0.049820013768002,"4.98%"
55000,"Wisconsin",1500,"Educational services",71315,0.0195279448272236,"1.95%"
55000,"Wisconsin",1600,"Health care and social assistance",435193,0.119167424710004,"11.92%"
55000,"Wisconsin",1700,"Arts, entertainment, and recreation",78655,0.0215378321585259,"2.15%"
55000,"Wisconsin",1800,"Accommodation and food services",263569,0.0721722062703008,"7.22%"
55000,"Wisconsin",1900,"Other services (except government and government enterprises)",189944,0.052011721969602,"5.2%"
55000,"Wisconsin",2000,"Government and government enterprises",437424,0.11977833188114,"11.98%"
56000,"Wyoming",100,"Forestry, fishing, and related activities",3411,0.00873607376104495,"0.87%"
56000,"Wyoming",200,"Mining, quarrying, and oil and gas extraction",27453,0.0703111794083749,"7.03%"
56000,"Wyoming",300,"Utilities",2625,0.00672301190933538,"0.67%"
56000,"Wyoming",400,"Construction",28716,0.073545908567038,"7.35%"
56000,"Wyoming",500,"Manufacturing",12270,0.0314252785247791,"3.14%"
56000,"Wyoming",600,"Wholesale trade",9071,0.023232168011269,"2.32%"
56000,"Wyoming",700,"Retail trade",38615,0.098898706620566,"9.89%"
56000,"Wyoming",800,"Transportation and warehousing",16287,0.0417134076066078,"4.17%"
56000,"Wyoming",900,"Information",4751,0.0121680112690485,"1.22%"
56000,"Wyoming",1000,"Finance and insurance",18551,0.0475118453066974,"4.75%"
56000,"Wyoming",1100,"Real estate and rental and leasing",24051,0.0615981559738763,"6.16%"
56000,"Wyoming",1200,"Professional, scientific, and technical services",18039,0.0462005378409527,"4.62%"
56000,"Wyoming",1300,"Management of companies and enterprises",1735,0.00444359072864643,"0.44%"
56000,"Wyoming",1400,"Administrative and support and waste management and remediation services",14105,0.0361249839928288,"3.61%"
56000,"Wyoming",1500,"Educational services",3991,0.0102215392495838,"1.02%"
56000,"Wyoming",1600,"Health care and social assistance",30617,0.0784146497630939,"7.84%"
56000,"Wyoming",1700,"Arts, entertainment, and recreation",8255,0.0211422717377385,"2.11%"
56000,"Wyoming",1800,"Accommodation and food services",35917,0.0919887309514663,"9.2%"
56000,"Wyoming",1900,"Other services (except government and government enterprises)",17920,0.0458957613010629,"4.59%"
56000,"Wyoming",2000,"Government and government enterprises",74070,0.189704187475989,"18.97%"
